file,path,gender_on_disk,in_resolver,resolver_genders,muscle,location,goal,gender
Abs-advanced-female(1).mp4,/videos/back-muscles/female/Abs-advanced-female(1).mp4,female,True,female,Abs,unknown,build,female
Abs-advanced-female(2).mp4,/videos/back-muscles/female/Abs-advanced-female(2).mp4,female,True,female,Abs,unknown,build,female
Abs-advanced-male(1).mp4,/videos/back-muscles/male/Abs-advanced-male(1).mp4,male,True,male,Abs,unknown,build,male
Abs-advanced-male(2).mp4,/videos/back-muscles/male/Abs-advanced-male(2).mp4,male,True,male,Abs,unknown,build,male
Abs-basic-female(1).mp4,/videos/back-muscles/female/Abs-basic-female(1).mp4,female,True,female,Abs,unknown,general,female
Abs-basic-female(2).mp4,/videos/back-muscles/female/Abs-basic-female(2).mp4,female,True,female,Abs,unknown,general,female
Abs-basic-male(1).mp4,/videos/back-muscles/male/Abs-basic-male(1).mp4,male,True,male,Abs,unknown,general,male
Abs-basic-male(2).mp4,/videos/back-muscles/male/Abs-basic-male(2).mp4,male,True,male,Abs,unknown,general,male
ErectorSpinae_BackExtension_Gym_Build_Female_1.mp4,/videos/back-muscles/female/ErectorSpinae_BackExtension_Gym_Build_Female_1.mp4,female,True,female,ErectorSpinae,gym,build,female
ErectorSpinae_BackExtension_Gym_Build_Female_2.mp4,/videos/back-muscles/female/ErectorSpinae_BackExtension_Gym_Build_Female_2.mp4,female,True,female,ErectorSpinae,gym,build,female
ErectorSpinae_BackExtension_Gym_Build_Male_1.mp4,/videos/back-muscles/male/ErectorSpinae_BackExtension_Gym_Build_Male_1.mp4,male,True,male,ErectorSpinae,gym,build,male
ErectorSpinae_BackExtension_Gym_Build_Male_2.mp4,/videos/back-muscles/male/ErectorSpinae_BackExtension_Gym_Build_Male_2.mp4,male,True,male,ErectorSpinae,gym,build,male
ErectorSpinae_BarbellDeadlift_Gym_General_Female_1.mp4,/videos/back-muscles/female/ErectorSpinae_BarbellDeadlift_Gym_General_Female_1.mp4,female,True,female,ErectorSpinae,gym,general,female
ErectorSpinae_BarbellDeadlift_Gym_General_Female_2.mp4,/videos/back-muscles/female/ErectorSpinae_BarbellDeadlift_Gym_General_Female_2.mp4,female,True,female,ErectorSpinae,gym,general,female
ErectorSpinae_BarbellDeadlift_Gym_General_Male_1.mp4,/videos/back-muscles/male/ErectorSpinae_BarbellDeadlift_Gym_General_Male_1.mp4,male,True,male,ErectorSpinae,gym,general,male
ErectorSpinae_BarbellDeadlift_Gym_General_Male_2.mp4,/videos/back-muscles/male/ErectorSpinae_BarbellDeadlift_Gym_General_Male_2.mp4,male,True,male,ErectorSpinae,gym,general,male
ErectorSpinae_BodyweightGoodMornings_Home_Build_Female_1.mp4,/videos/back-muscles/female/ErectorSpinae_BodyweightGoodMornings_Home_Build_Female_1.mp4,female,True,female,ErectorSpinae,home,build,female
ErectorSpinae_BodyweightGoodMornings_Home_Build_Female_2.mp4,/videos/back-muscles/female/ErectorSpinae_BodyweightGoodMornings_Home_Build_Female_2.mp4,female,True,female,ErectorSpinae,home,build,female
ErectorSpinae_BodyweightGoodMornings_Home_Build_Male_1.mp4,/videos/back-muscles/male/ErectorSpinae_BodyweightGoodMornings_Home_Build_Male_1.mp4,male,True,male,ErectorSpinae,home,build,male
ErectorSpinae_BodyweightGoodMornings_Home_Build_Male_2.mp4,/videos/back-muscles/male/ErectorSpinae_BodyweightGoodMornings_Home_Build_Male_2.mp4,male,True,male,ErectorSpinae,home,build,male
ErectorSpinae_SupermanHold_Home_General_Female_1.mp4,/videos/back-muscles/female/ErectorSpinae_SupermanHold_Home_General_Female_1.mp4,female,True,female,ErectorSpinae,home,general,female
ErectorSpinae_SupermanHold_Home_General_Female_2.mp4,/videos/back-muscles/female/ErectorSpinae_SupermanHold_Home_General_Female_2.mp4,female,True,female,ErectorSpinae,home,general,female
ErectorSpinae_SupermanHold_Home_General_Male_1.mp4,/videos/back-muscles/male/ErectorSpinae_SupermanHold_Home_General_Male_1.mp4,male,True,male,ErectorSpinae,home,general,male
ErectorSpinae_SupermanHold_Home_General_Male_2.mp4,/videos/back-muscles/male/ErectorSpinae_SupermanHold_Home_General_Male_2.mp4,male,True,male,ErectorSpinae,home,general,male
Gastrocnemius_BodyweightCalfRaise_Home_Build_Female_1.mp4,/videos/back-muscles/female/Gastrocnemius_BodyweightCalfRaise_Home_Build_Female_1.mp4,female,True,female,Gastrocnemius,home,build,female
Gastrocnemius_BodyweightCalfRaise_Home_Build_Female_2.mp4,/videos/back-muscles/female/Gastrocnemius_BodyweightCalfRaise_Home_Build_Female_2.mp4,female,True,female,Gastrocnemius,home,build,female
Gastrocnemius_BodyweightCalfRaise_Home_Build_Male_1.mp4,/videos/back-muscles/male/Gastrocnemius_BodyweightCalfRaise_Home_Build_Male_1.mp4,male,True,male,Gastrocnemius,home,build,male
Gastrocnemius_BodyweightCalfRaise_Home_Build_Male_2.mp4,/videos/back-muscles/male/Gastrocnemius_BodyweightCalfRaise_Home_Build_Male_2.mp4,male,True,male,Gastrocnemius,home,build,male
Gastrocnemius_SmithMachineCalfRaise_Gym_Build_Female_1.mp4,/videos/back-muscles/female/Gastrocnemius_SmithMachineCalfRaise_Gym_Build_Female_1.mp4,female,True,female,Gastrocnemius,gym,build,female
Gastrocnemius_SmithMachineCalfRaise_Gym_Build_Female_2.mp4,/videos/back-muscles/female/Gastrocnemius_SmithMachineCalfRaise_Gym_Build_Female_2.mp4,female,True,female,Gastrocnemius,gym,build,female
Gastrocnemius_SmithMachineCalfRaise_Gym_Build_Male_1.mp4,/videos/back-muscles/male/Gastrocnemius_SmithMachineCalfRaise_Gym_Build_Male_1.mp4,male,True,male,Gastrocnemius,gym,build,male
Gastrocnemius_SmithMachineCalfRaise_Gym_Build_Male_2.mp4,/videos/back-muscles/male/Gastrocnemius_SmithMachineCalfRaise_Gym_Build_Male_2.mp4,male,True,male,Gastrocnemius,gym,build,male
GluteusMaximus_BarbellHipThrust_Gym_Build_Female_1.mp4,/videos/back-muscles/female/GluteusMaximus_BarbellHipThrust_Gym_Build_Female_1.mp4,female,True,female,GluteusMaximus,gym,build,female
GluteusMaximus_BarbellHipThrust_Gym_Build_Female_2.mp4,/videos/back-muscles/female/GluteusMaximus_BarbellHipThrust_Gym_Build_Female_2.mp4,female,True,female,GluteusMaximus,gym,build,female
GluteusMaximus_BarbellHipThrust_Gym_Build_Male_1.mp4,/videos/back-muscles/male/GluteusMaximus_BarbellHipThrust_Gym_Build_Male_1.mp4,male,True,male,GluteusMaximus,gym,build,male
GluteusMaximus_BarbellHipThrust_Gym_Build_Male_2.mp4,/videos/back-muscles/male/GluteusMaximus_BarbellHipThrust_Gym_Build_Male_2.mp4,male,True,male,GluteusMaximus,gym,build,male
GluteusMaximus_BarbellSquat_Gym_General_Female_1.mp4,/videos/back-muscles/female/GluteusMaximus_BarbellSquat_Gym_General_Female_1.mp4,female,True,female,GluteusMaximus,gym,general,female
GluteusMaximus_BarbellSquat_Gym_General_Female_2.mp4,/videos/back-muscles/female/GluteusMaximus_BarbellSquat_Gym_General_Female_2.mp4,female,True,female,GluteusMaximus,gym,general,female
GluteusMaximus_BarbellSquat_Gym_General_Male_1.mp4,/videos/back-muscles/male/GluteusMaximus_BarbellSquat_Gym_General_Male_1.mp4,male,True,male,GluteusMaximus,gym,general,male
GluteusMaximus_BarbellSquat_Gym_General_Male_2.mp4,/videos/back-muscles/male/GluteusMaximus_BarbellSquat_Gym_General_Male_2.mp4,male,True,male,GluteusMaximus,gym,general,male
GluteusMaximus_BodyweightWaitersBow_Home_Build_Female_1.mp4,/videos/back-muscles/female/GluteusMaximus_BodyweightWaitersBow_Home_Build_Female_1.mp4,female,True,female,GluteusMaximus,home,build,female
GluteusMaximus_BodyweightWaitersBow_Home_Build_Female_2.mp4,/videos/back-muscles/female/GluteusMaximus_BodyweightWaitersBow_Home_Build_Female_2.mp4,female,True,female,GluteusMaximus,home,build,female
GluteusMaximus_BodyweightWaitersBow_Home_Build_Male_1.mp4,/videos/back-muscles/male/GluteusMaximus_BodyweightWaitersBow_Home_Build_Male_1.mp4,male,True,male,GluteusMaximus,home,build,male
GluteusMaximus_BodyweightWaitersBow_Home_Build_Male_2.mp4,/videos/back-muscles/male/GluteusMaximus_BodyweightWaitersBow_Home_Build_Male_2.mp4,male,True,male,GluteusMaximus,home,build,male
GluteusMaximus_BoxJump_Home_General_Female_1.mp4,/videos/back-muscles/female/GluteusMaximus_BoxJump_Home_General_Female_1.mp4,female,True,female,GluteusMaximus,home,general,female
GluteusMaximus_BoxJump_Home_General_Female_2.mp4,/videos/back-muscles/female/GluteusMaximus_BoxJump_Home_General_Female_2.mp4,female,True,female,GluteusMaximus,home,general,female
GluteusMaximus_BoxJump_Home_General_Male_1.mp4,/videos/back-muscles/male/GluteusMaximus_BoxJump_Home_General_Male_1.mp4,male,True,male,GluteusMaximus,home,general,male
GluteusMaximus_BoxJump_Home_General_Male_2.mp4,/videos/back-muscles/male/GluteusMaximus_BoxJump_Home_General_Male_2.mp4,male,True,male,GluteusMaximus,home,general,male
GluteusMedius_BarbellSquat_Gym_General_Female_1.mp4,/videos/back-muscles/female/GluteusMedius_BarbellSquat_Gym_General_Female_1.mp4,female,True,female,GluteusMedius,gym,general,female
GluteusMedius_BarbellSquat_Gym_General_Female_2.mp4,/videos/back-muscles/female/GluteusMedius_BarbellSquat_Gym_General_Female_2.mp4,female,True,female,GluteusMedius,gym,general,female
GluteusMedius_BarbellSquat_Gym_General_Male_1.mp4,/videos/back-muscles/male/GluteusMedius_BarbellSquat_Gym_General_Male_1.mp4,male,True,male,GluteusMedius,gym,general,male
GluteusMedius_BarbellSquat_Gym_General_Male_2.mp4,/videos/back-muscles/male/GluteusMedius_BarbellSquat_Gym_General_Male_2.mp4,male,True,male,GluteusMedius,gym,general,male
GluteusMedius_BodyweightStaggeredWaitersBow_Home_Build_Female_1.mp4,/videos/back-muscles/male/GluteusMedius_BodyweightStaggeredWaitersBow_Home_Build_Female_1.mp4,male,True,male,GluteusMedius,home,build,male
GluteusMedius_BodyweightStaggeredWaitersBow_Home_Build_Female_2.mp4,/videos/back-muscles/male/GluteusMedius_BodyweightStaggeredWaitersBow_Home_Build_Female_2.mp4,male,True,male,GluteusMedius,home,build,male
GluteusMedius_BodyweightStaggeredWaitersBow_Home_Build_Male_1.mp4,/videos/back-muscles/male/GluteusMedius_BodyweightStaggeredWaitersBow_Home_Build_Male_1.mp4,male,True,male,GluteusMedius,home,build,male
GluteusMedius_BodyweightStaggeredWaitersBow_Home_Build_Male_2.mp4,/videos/back-muscles/male/GluteusMedius_BodyweightStaggeredWaitersBow_Home_Build_Male_2.mp4,male,True,male,GluteusMedius,home,build,male
GluteusMedius_MachineGluteKickback_Gym_Build_Female_1.mp4,/videos/back-muscles/female/GluteusMedius_MachineGluteKickback_Gym_Build_Female_1.mp4,female,True,female,GluteusMedius,gym,build,female
GluteusMedius_MachineGluteKickback_Gym_Build_Female_2.mp4,/videos/back-muscles/female/GluteusMedius_MachineGluteKickback_Gym_Build_Female_2.mp4,female,True,female,GluteusMedius,gym,build,female
GluteusMedius_MachineGluteKickback_Gym_Build_Male_1.mp4,/videos/back-muscles/male/GluteusMedius_MachineGluteKickback_Gym_Build_Male_1.mp4,male,True,male,GluteusMedius,gym,build,male
GluteusMedius_MachineGluteKickback_Gym_Build_Male_2.mp4,/videos/back-muscles/male/GluteusMedius_MachineGluteKickback_Gym_Build_Male_2.mp4,male,True,male,GluteusMedius,gym,build,male
GluteusMedius_SingleLeggedRomanianDeadlifts_Home_General_Female_1.mp4,/videos/back-muscles/female/GluteusMedius_SingleLeggedRomanianDeadlifts_Home_General_Female_1.mp4,female,True,female,GluteusMedius,home,general,female
GluteusMedius_SingleLeggedRomanianDeadlifts_Home_General_Female_2.mp4,/videos/back-muscles/female/GluteusMedius_SingleLeggedRomanianDeadlifts_Home_General_Female_2.mp4,female,True,female,GluteusMedius,home,general,female
GluteusMedius_SingleLeggedRomanianDeadlifts_Home_General_Male_1.mp4,/videos/back-muscles/male/GluteusMedius_SingleLeggedRomanianDeadlifts_Home_General_Male_1.mp4,male,True,male,GluteusMedius,home,general,male
GluteusMedius_SingleLeggedRomanianDeadlifts_Home_General_Male_2.mp4,/videos/back-muscles/male/GluteusMedius_SingleLeggedRomanianDeadlifts_Home_General_Male_2.mp4,male,True,male,GluteusMedius,home,general,male
Hamstrings_BarbellStiffLegDeadlifts_Gym_Build_Female_1.mp4,/videos/back-muscles/female/Hamstrings_BarbellStiffLegDeadlifts_Gym_Build_Female_1.mp4,female,True,female,Hamstrings,gym,build,female
Hamstrings_BarbellStiffLegDeadlifts_Gym_Build_Female_2.mp4,/videos/back-muscles/female/Hamstrings_BarbellStiffLegDeadlifts_Gym_Build_Female_2.mp4,female,True,female,Hamstrings,gym,build,female
Hamstrings_BarbellStiffLegDeadlifts_Gym_Build_Male_1.mp4,/videos/back-muscles/male/Hamstrings_BarbellStiffLegDeadlifts_Gym_Build_Male_1.mp4,male,True,male,Hamstrings,gym,build,male
Hamstrings_BarbellStiffLegDeadlifts_Gym_Build_Male_2.mp4,/videos/back-muscles/male/Hamstrings_BarbellStiffLegDeadlifts_Gym_Build_Male_2.mp4,male,True,male,Hamstrings,gym,build,male
Hamstrings_BodyweightWaitersBow_Home_General_Female_1.mp4,/videos/back-muscles/female/Hamstrings_BodyweightWaitersBow_Home_General_Female_1.mp4,female,True,female,Hamstrings,home,general,female
Hamstrings_BodyweightWaitersBow_Home_General_Female_2.mp4,/videos/back-muscles/female/Hamstrings_BodyweightWaitersBow_Home_General_Female_2.mp4,female,True,female,Hamstrings,home,general,female
Hamstrings_BodyweightWaitersBow_Home_General_Male_1.mp4,/videos/back-muscles/male/Hamstrings_BodyweightWaitersBow_Home_General_Male_1.mp4,male,True,male,Hamstrings,home,general,male
Hamstrings_BodyweightWaitersBow_Home_General_Male_2.mp4,/videos/back-muscles/male/Hamstrings_BodyweightWaitersBow_Home_General_Male_2.mp4,male,True,male,Hamstrings,home,general,male
Hamstrings_LandmineRomanianDeadlift_Gym_General_Female_1.mp4,/videos/back-muscles/female/Hamstrings_LandmineRomanianDeadlift_Gym_General_Female_1.mp4,female,True,female,Hamstrings,gym,general,female
Hamstrings_LandmineRomanianDeadlift_Gym_General_Female_2.mp4,/videos/back-muscles/female/Hamstrings_LandmineRomanianDeadlift_Gym_General_Female_2.mp4,female,True,female,Hamstrings,gym,general,female
Hamstrings_LandmineRomanianDeadlift_Gym_General_Male_1.mp4,/videos/back-muscles/male/Hamstrings_LandmineRomanianDeadlift_Gym_General_Male_1.mp4,male,True,male,Hamstrings,gym,general,male
Hamstrings_LandmineRomanianDeadlift_Gym_General_Male_2.mp4,/videos/back-muscles/male/Hamstrings_LandmineRomanianDeadlift_Gym_General_Male_2.mp4,male,True,male,Hamstrings,gym,general,male
Hamstrings_SingleLeggedRomanianDeadlifts_Home_Build_Female_1.mp4,/videos/back-muscles/female/Hamstrings_SingleLeggedRomanianDeadlifts_Home_Build_Female_1.mp4,female,True,female,Hamstrings,home,build,female
Hamstrings_SingleLeggedRomanianDeadlifts_Home_Build_Female_2.mp4,/videos/back-muscles/female/Hamstrings_SingleLeggedRomanianDeadlifts_Home_Build_Female_2.mp4,female,True,female,Hamstrings,home,build,female
Hamstrings_SingleLeggedRomanianDeadlifts_Home_Build_Male_1.mp4,/videos/back-muscles/male/Hamstrings_SingleLeggedRomanianDeadlifts_Home_Build_Male_1.mp4,male,True,male,Hamstrings,home,build,male
Hamstrings_SingleLeggedRomanianDeadlifts_Home_Build_Male_2.mp4,/videos/back-muscles/male/Hamstrings_SingleLeggedRomanianDeadlifts_Home_Build_Male_2.mp4,male,True,male,Hamstrings,home,build,male
LatissimusDorsi_BodyweightSupermanRow_Home_Build_Female_1.mp4,/videos/back-muscles/female/LatissimusDorsi_BodyweightSupermanRow_Home_Build_Female_1.mp4,female,True,female,LatissimusDorsi,home,build,female
LatissimusDorsi_BodyweightSupermanRow_Home_Build_Female_2.mp4,/videos/back-muscles/female/LatissimusDorsi_BodyweightSupermanRow_Home_Build_Female_2.mp4,female,True,female,LatissimusDorsi,home,build,female
LatissimusDorsi_BodyweightSupermanRow_Home_Build_Male_1.mp4,/videos/back-muscles/male/LatissimusDorsi_BodyweightSupermanRow_Home_Build_Male_1.mp4,male,True,male,LatissimusDorsi,home,build,male
LatissimusDorsi_BodyweightSupermanRow_Home_Build_Male_2.mp4,/videos/back-muscles/male/LatissimusDorsi_BodyweightSupermanRow_Home_Build_Male_2.mp4,male,True,male,LatissimusDorsi,home,build,male
LatissimusDorsi_LatPulldown_Gym_Build_Female_1.mp4,/videos/back-muscles/female/LatissimusDorsi_LatPulldown_Gym_Build_Female_1.mp4,female,True,female,LatissimusDorsi,gym,build,female
LatissimusDorsi_LatPulldown_Gym_Build_Female_2.mp4,/videos/back-muscles/female/LatissimusDorsi_LatPulldown_Gym_Build_Female_2.mp4,female,True,female,LatissimusDorsi,gym,build,female
LatissimusDorsi_LatPulldown_Gym_Build_Male_1.mp4,/videos/back-muscles/male/LatissimusDorsi_LatPulldown_Gym_Build_Male_1.mp4,male,True,male,LatissimusDorsi,gym,build,male
LatissimusDorsi_LatPulldown_Gym_Build_Male_2.mp4,/videos/back-muscles/male/LatissimusDorsi_LatPulldown_Gym_Build_Male_2.mp4,male,True,male,LatissimusDorsi,gym,build,male
LatissimusDorsi_SeatedCableRow_Gym_General_Female_1.mp4,/videos/back-muscles/female/LatissimusDorsi_SeatedCableRow_Gym_General_Female_1.mp4,female,True,female,LatissimusDorsi,gym,general,female
LatissimusDorsi_SeatedCableRow_Gym_General_Female_2.mp4,/videos/back-muscles/female/LatissimusDorsi_SeatedCableRow_Gym_General_Female_2.mp4,female,True,female,LatissimusDorsi,gym,general,female
LatissimusDorsi_SeatedCableRow_Gym_General_Male_1.mp4,/videos/back-muscles/male/LatissimusDorsi_SeatedCableRow_Gym_General_Male_1.mp4,male,True,male,LatissimusDorsi,gym,general,male
LatissimusDorsi_SeatedCableRow_Gym_General_Male_2.mp4,/videos/back-muscles/male/LatissimusDorsi_SeatedCableRow_Gym_General_Male_2.mp4,male,True,male,LatissimusDorsi,gym,general,male
LatissimusDorsi_SupermanHold_Home_General_Female_1.mp4,/videos/back-muscles/female/LatissimusDorsi_SupermanHold_Home_General_Female_1.mp4,female,True,female,LatissimusDorsi,home,general,female
LatissimusDorsi_SupermanHold_Home_General_Female_2.mp4,/videos/back-muscles/female/LatissimusDorsi_SupermanHold_Home_General_Female_2.mp4,female,True,female,LatissimusDorsi,home,general,female
LatissimusDorsi_SupermanHold_Home_General_Male_1.mp4,/videos/back-muscles/male/LatissimusDorsi_SupermanHold_Home_General_Male_1.mp4,male,True,male,LatissimusDorsi,home,general,male
LatissimusDorsi_SupermanHold_Home_General_Male_2.mp4,/videos/back-muscles/male/LatissimusDorsi_SupermanHold_Home_General_Male_2.mp4,male,True,male,LatissimusDorsi,home,general,male
PosteriorDeltoid_BodyweightReverseFly_Home_Build_Female_1.mp4,/videos/back-muscles/female/PosteriorDeltoid_BodyweightReverseFly_Home_Build_Female_1.mp4,female,True,female,PosteriorDeltoid,home,build,female
PosteriorDeltoid_BodyweightReverseFly_Home_Build_Female_2.mp4,/videos/back-muscles/female/PosteriorDeltoid_BodyweightReverseFly_Home_Build_Female_2.mp4,female,True,female,PosteriorDeltoid,home,build,female
PosteriorDeltoid_BodyweightReverseFly_Home_Build_Male_1.mp4,/videos/back-muscles/male/PosteriorDeltoid_BodyweightReverseFly_Home_Build_Male_1.mp4,male,True,male,PosteriorDeltoid,home,build,male
PosteriorDeltoid_BodyweightReverseFly_Home_Build_Male_2.mp4,/videos/back-muscles/male/PosteriorDeltoid_BodyweightReverseFly_Home_Build_Male_2.mp4,male,True,male,PosteriorDeltoid,home,build,male
PosteriorDeltoid_FacePull_Gym_General_Female_1.mp4,/videos/back-muscles/female/PosteriorDeltoid_FacePull_Gym_General_Female_1.mp4,female,True,female,PosteriorDeltoid,gym,general,female
PosteriorDeltoid_FacePull_Gym_General_Female_2.mp4,/videos/back-muscles/female/PosteriorDeltoid_FacePull_Gym_General_Female_2.mp4,female,True,female,PosteriorDeltoid,gym,general,female
PosteriorDeltoid_FacePull_Gym_General_Male_1.mp4,/videos/back-muscles/male/PosteriorDeltoid_FacePull_Gym_General_Male_1.mp4,male,True,male,PosteriorDeltoid,gym,general,male
PosteriorDeltoid_FacePull_Gym_General_Male_2.mp4,/videos/back-muscles/male/PosteriorDeltoid_FacePull_Gym_General_Male_2.mp4,male,True,male,PosteriorDeltoid,gym,general,male
PosteriorDeltoid_ReversePecDeck_Gym_Build_Female_1.mp4,/videos/back-muscles/female/PosteriorDeltoid_ReversePecDeck_Gym_Build_Female_1.mp4,female,True,female,PosteriorDeltoid,gym,build,female
PosteriorDeltoid_ReversePecDeck_Gym_Build_Female_2.mp4,/videos/back-muscles/female/PosteriorDeltoid_ReversePecDeck_Gym_Build_Female_2.mp4,female,True,female,PosteriorDeltoid,gym,build,female
PosteriorDeltoid_ReversePecDeck_Gym_Build_Male_1.mp4,/videos/back-muscles/male/PosteriorDeltoid_ReversePecDeck_Gym_Build_Male_1.mp4,male,True,male,PosteriorDeltoid,gym,build,male
PosteriorDeltoid_ReversePecDeck_Gym_Build_Male_2.mp4,/videos/back-muscles/male/PosteriorDeltoid_ReversePecDeck_Gym_Build_Male_2.mp4,male,True,male,PosteriorDeltoid,gym,build,male
PosteriorDeltoid_SupermanHold_Home_General_Female_1.mp4,/videos/back-muscles/female/PosteriorDeltoid_SupermanHold_Home_General_Female_1.mp4,female,True,female,PosteriorDeltoid,home,general,female
PosteriorDeltoid_SupermanHold_Home_General_Female_2.mp4,/videos/back-muscles/female/PosteriorDeltoid_SupermanHold_Home_General_Female_2.mp4,female,True,female,PosteriorDeltoid,home,general,female
PosteriorDeltoid_SupermanHold_Home_General_Male_1.mp4,/videos/back-muscles/male/PosteriorDeltoid_SupermanHold_Home_General_Male_1.mp4,male,True,male,PosteriorDeltoid,home,general,male
PosteriorDeltoid_SupermanHold_Home_General_Male_2.mp4,/videos/back-muscles/male/PosteriorDeltoid_SupermanHold_Home_General_Male_2.mp4,male,True,male,PosteriorDeltoid,home,general,male
Soleus_BodyweightCalfRaise_Home_Build_Female_1.mp4,/videos/back-muscles/female/Soleus_BodyweightCalfRaise_Home_Build_Female_1.mp4,female,True,female,Soleus,home,build,female
Soleus_BodyweightCalfRaise_Home_Build_Female_2.mp4,/videos/back-muscles/female/Soleus_BodyweightCalfRaise_Home_Build_Female_2.mp4,female,True,female,Soleus,home,build,female
Soleus_BodyweightCalfRaise_Home_Build_Male_1.mp4,/videos/back-muscles/male/Soleus_BodyweightCalfRaise_Home_Build_Male_1.mp4,male,True,male,Soleus,home,build,male
Soleus_BodyweightCalfRaise_Home_Build_Male_2.mp4,/videos/back-muscles/male/Soleus_BodyweightCalfRaise_Home_Build_Male_2.mp4,male,True,male,Soleus,home,build,male
Soleus_SeatedCalfRaise_Gym_Build_Female_1.mp4,/videos/back-muscles/female/Soleus_SeatedCalfRaise_Gym_Build_Female_1.mp4,female,True,female,Soleus,gym,build,female
Soleus_SeatedCalfRaise_Gym_Build_Female_2.mp4,/videos/back-muscles/female/Soleus_SeatedCalfRaise_Gym_Build_Female_2.mp4,female,True,female,Soleus,gym,build,female
Soleus_SeatedCalfRaise_Gym_Build_Male_1.mp4,/videos/back-muscles/male/Soleus_SeatedCalfRaise_Gym_Build_Male_1.mp4,male,True,male,Soleus,gym,build,male
Soleus_SeatedCalfRaise_Gym_Build_Male_2.mp4,/videos/back-muscles/male/Soleus_SeatedCalfRaise_Gym_Build_Male_2.mp4,male,True,male,Soleus,gym,build,male
Soleus_SmithMachineCalfRaise_Gym_General_Female_1.mp4,/videos/back-muscles/female/Soleus_SmithMachineCalfRaise_Gym_General_Female_1.mp4,female,True,female,Soleus,gym,general,female
Soleus_SmithMachineCalfRaise_Gym_General_Female_2.mp4,/videos/back-muscles/female/Soleus_SmithMachineCalfRaise_Gym_General_Female_2.mp4,female,True,female,Soleus,gym,general,female
Soleus_SmithMachineCalfRaise_Gym_General_Male_1.mp4,/videos/back-muscles/male/Soleus_SmithMachineCalfRaise_Gym_General_Male_1.mp4,male,True,male,Soleus,gym,general,male
Soleus_SmithMachineCalfRaise_Gym_General_Male_2.mp4,/videos/back-muscles/male/Soleus_SmithMachineCalfRaise_Gym_General_Male_2.mp4,male,True,male,Soleus,gym,general,male
TeresMajor_BodyweightReverseFly_Home_Build_Female_1.mp4,/videos/back-muscles/female/TeresMajor_BodyweightReverseFly_Home_Build_Female_1.mp4,female,True,female,TeresMajor,home,build,female
TeresMajor_BodyweightReverseFly_Home_Build_Female_2.mp4,/videos/back-muscles/female/TeresMajor_BodyweightReverseFly_Home_Build_Female_2.mp4,female,True,female,TeresMajor,home,build,female
TeresMajor_BodyweightReverseFly_Home_Build_Male_1.mp4,/videos/back-muscles/male/TeresMajor_BodyweightReverseFly_Home_Build_Male_1.mp4,male,True,male,TeresMajor,home,build,male
TeresMajor_BodyweightReverseFly_Home_Build_Male_2.mp4,/videos/back-muscles/male/TeresMajor_BodyweightReverseFly_Home_Build_Male_2.mp4,male,True,male,TeresMajor,home,build,male
TeresMajor_LatPulldown_Gym_Build_Female_1.mp4,/videos/back-muscles/female/TeresMajor_LatPulldown_Gym_Build_Female_1.mp4,female,True,female,TeresMajor,gym,build,female
TeresMajor_LatPulldown_Gym_Build_Female_2.mp4,/videos/back-muscles/female/TeresMajor_LatPulldown_Gym_Build_Female_2.mp4,female,True,female,TeresMajor,gym,build,female
TeresMajor_LatPulldown_Gym_Build_Male_1.mp4,/videos/back-muscles/male/TeresMajor_LatPulldown_Gym_Build_Male_1.mp4,male,True,male,TeresMajor,gym,build,male
TeresMajor_LatPulldown_Gym_Build_Male_2.mp4,/videos/back-muscles/male/TeresMajor_LatPulldown_Gym_Build_Male_2.mp4,male,True,male,TeresMajor,gym,build,male
TeresMajor_SeatedCableRow_Gym_General_Female_1.mp4,/videos/back-muscles/female/TeresMajor_SeatedCableRow_Gym_General_Female_1.mp4,female,True,female,TeresMajor,gym,general,female
TeresMajor_SeatedCableRow_Gym_General_Female_2.mp4,/videos/back-muscles/female/TeresMajor_SeatedCableRow_Gym_General_Female_2.mp4,female,True,female,TeresMajor,gym,general,female
TeresMajor_SeatedCableRow_Gym_General_Male_1.mp4,/videos/back-muscles/male/TeresMajor_SeatedCableRow_Gym_General_Male_1.mp4,male,True,male,TeresMajor,gym,general,male
TeresMajor_SeatedCableRow_Gym_General_Male_2.mp4,/videos/back-muscles/male/TeresMajor_SeatedCableRow_Gym_General_Male_2.mp4,male,True,male,TeresMajor,gym,general,male
TeresMajor_SupermanHold_Home_General_Female_1.mp4,/videos/back-muscles/female/TeresMajor_SupermanHold_Home_General_Female_1.mp4,female,True,female,TeresMajor,home,general,female
TeresMajor_SupermanHold_Home_General_Female_2.mp4,/videos/back-muscles/female/TeresMajor_SupermanHold_Home_General_Female_2.mp4,female,True,female,TeresMajor,home,general,female
TeresMajor_SupermanHold_Home_General_Male_1.mp4,/videos/back-muscles/male/TeresMajor_SupermanHold_Home_General_Male_1.mp4,male,True,male,TeresMajor,home,general,male
TeresMajor_SupermanHold_Home_General_Male_2.mp4,/videos/back-muscles/male/TeresMajor_SupermanHold_Home_General_Male_2.mp4,male,True,male,TeresMajor,home,general,male
TeresMinor_BodyweightExternalRotation_Home_Build_Female_1.mp4,/videos/back-muscles/female/TeresMinor_BodyweightExternalRotation_Home_Build_Female_1.mp4,female,True,female,TeresMinor,home,build,female
TeresMinor_BodyweightExternalRotation_Home_Build_Female_2.mp4,/videos/back-muscles/female/TeresMinor_BodyweightExternalRotation_Home_Build_Female_2.mp4,female,True,female,TeresMinor,home,build,female
TeresMinor_BodyweightExternalRotation_Home_Build_Male_1.mp4,/videos/back-muscles/male/TeresMinor_BodyweightExternalRotation_Home_Build_Male_1.mp4,male,True,male,TeresMinor,home,build,male
TeresMinor_BodyweightExternalRotation_Home_Build_Male_2.mp4,/videos/back-muscles/male/TeresMinor_BodyweightExternalRotation_Home_Build_Male_2.mp4,male,True,male,TeresMinor,home,build,male
TeresMinor_CableExternalRotation_Gym_Build_Female_1.mp4,/videos/back-muscles/female/TeresMinor_CableExternalRotation_Gym_Build_Female_1.mp4,female,True,female,TeresMinor,gym,build,female
TeresMinor_CableExternalRotation_Gym_Build_Female_2.mp4,/videos/back-muscles/female/TeresMinor_CableExternalRotation_Gym_Build_Female_2.mp4,female,True,female,TeresMinor,gym,build,female
TeresMinor_CableExternalRotation_Gym_Build_Male_1.mp4,/videos/back-muscles/male/TeresMinor_CableExternalRotation_Gym_Build_Male_1.mp4,male,True,male,TeresMinor,gym,build,male
TeresMinor_CableExternalRotation_Gym_Build_Male_2.mp4,/videos/back-muscles/male/TeresMinor_CableExternalRotation_Gym_Build_Male_2.mp4,male,True,male,TeresMinor,gym,build,male
TeresMinor_FacePull_Gym_General_Female_1.mp4,/videos/back-muscles/female/TeresMinor_FacePull_Gym_General_Female_1.mp4,female,True,female,TeresMinor,gym,general,female
TeresMinor_FacePull_Gym_General_Female_2.mp4,/videos/back-muscles/female/TeresMinor_FacePull_Gym_General_Female_2.mp4,female,True,female,TeresMinor,gym,general,female
TeresMinor_FacePull_Gym_General_Male_1.mp4,/videos/back-muscles/male/TeresMinor_FacePull_Gym_General_Male_1.mp4,male,True,male,TeresMinor,gym,general,male
TeresMinor_FacePull_Gym_General_Male_2.mp4,/videos/back-muscles/male/TeresMinor_FacePull_Gym_General_Male_2.mp4,male,True,male,TeresMinor,gym,general,male
TeresMinor_SupermanHold_Home_General_Female_1.mp4,/videos/back-muscles/female/TeresMinor_SupermanHold_Home_General_Female_1.mp4,female,True,female,TeresMinor,home,general,female
TeresMinor_SupermanHold_Home_General_Female_2.mp4,/videos/back-muscles/female/TeresMinor_SupermanHold_Home_General_Female_2.mp4,female,True,female,TeresMinor,home,general,female
TeresMinor_SupermanHold_Home_General_Male_1.mp4,/videos/back-muscles/male/TeresMinor_SupermanHold_Home_General_Male_1.mp4,male,True,male,TeresMinor,home,general,male
TeresMinor_SupermanHold_Home_General_Male_2.mp4,/videos/back-muscles/male/TeresMinor_SupermanHold_Home_General_Male_2.mp4,male,True,male,TeresMinor,home,general,male
Trapezius_BarbellShrug_Gym_Build_Female_1.mp4,/videos/back-muscles/female/Trapezius_BarbellShrug_Gym_Build_Female_1.mp4,female,True,female,Trapezius,gym,build,female
Trapezius_BarbellShrug_Gym_Build_Female_2.mp4,/videos/back-muscles/female/Trapezius_BarbellShrug_Gym_Build_Female_2.mp4,female,True,female,Trapezius,gym,build,female
Trapezius_BarbellShrug_Gym_Build_Male_1.mp4,/videos/back-muscles/male/Trapezius_BarbellShrug_Gym_Build_Male_1.mp4,male,True,male,Trapezius,gym,build,male
Trapezius_BarbellShrug_Gym_Build_Male_2.mp4,/videos/back-muscles/male/Trapezius_BarbellShrug_Gym_Build_Male_2.mp4,male,True,male,Trapezius,gym,build,male
Trapezius_BodyweightShrug_Home_Build_Female_1.mp4,/videos/back-muscles/female/Trapezius_BodyweightShrug_Home_Build_Female_1.mp4,female,True,female,Trapezius,home,build,female
Trapezius_BodyweightShrug_Home_Build_Female_2.mp4,/videos/back-muscles/female/Trapezius_BodyweightShrug_Home_Build_Female_2.mp4,female,True,female,Trapezius,home,build,female
Trapezius_BodyweightShrug_Home_Build_Male_1.mp4,/videos/back-muscles/male/Trapezius_BodyweightShrug_Home_Build_Male_1.mp4,male,True,male,Trapezius,home,build,male
Trapezius_BodyweightShrug_Home_Build_Male_2.mp4,/videos/back-muscles/male/Trapezius_BodyweightShrug_Home_Build_Male_2.mp4,male,True,male,Trapezius,home,build,male
Trapezius_FacePull_Gym_General_Female_1.mp4,/videos/back-muscles/female/Trapezius_FacePull_Gym_General_Female_1.mp4,female,True,female,Trapezius,gym,general,female
Trapezius_FacePull_Gym_General_Female_2.mp4,/videos/back-muscles/female/Trapezius_FacePull_Gym_General_Female_2.mp4,female,True,female,Trapezius,gym,general,female
Trapezius_FacePull_Gym_General_Male_1.mp4,/videos/back-muscles/male/Trapezius_FacePull_Gym_General_Male_1.mp4,male,True,male,Trapezius,gym,general,male
Trapezius_FacePull_Gym_General_Male_2.mp4,/videos/back-muscles/male/Trapezius_FacePull_Gym_General_Male_2.mp4,male,True,male,Trapezius,gym,general,male
Trapezius_SupermanHold_Home_General_Female_1.mp4,/videos/back-muscles/female/Trapezius_SupermanHold_Home_General_Female_1.mp4,female,True,female,Trapezius,home,general,female
Trapezius_SupermanHold_Home_General_Female_2.mp4,/videos/back-muscles/female/Trapezius_SupermanHold_Home_General_Female_2.mp4,female,True,female,Trapezius,home,general,female
Trapezius_SupermanHold_Home_General_Male_1.mp4,/videos/back-muscles/male/Trapezius_SupermanHold_Home_General_Male_1.mp4,male,True,male,Trapezius,home,general,male
Trapezius_SupermanHold_Home_General_Male_2.mp4,/videos/back-muscles/male/Trapezius_SupermanHold_Home_General_Male_2.mp4,male,True,male,Trapezius,home,general,male
TricepsLateralHead_BodyweightTricepExtension_Home_Build_Female_1.mp4,/videos/back-muscles/female/TricepsLateralHead_BodyweightTricepExtension_Home_Build_Female_1.mp4,female,True,female,TricepsLateralHead,home,build,female
TricepsLateralHead_BodyweightTricepExtension_Home_Build_Female_2.mp4,/videos/back-muscles/female/TricepsLateralHead_BodyweightTricepExtension_Home_Build_Female_2.mp4,female,True,female,TricepsLateralHead,home,build,female
TricepsLateralHead_BodyweightTricepExtension_Home_Build_Male_1.mp4,/videos/back-muscles/male/TricepsLateralHead_BodyweightTricepExtension_Home_Build_Male_1.mp4,male,True,male,TricepsLateralHead,home,build,male
TricepsLateralHead_BodyweightTricepExtension_Home_Build_Male_2.mp4,/videos/back-muscles/male/TricepsLateralHead_BodyweightTricepExtension_Home_Build_Male_2.mp4,male,True,male,TricepsLateralHead,home,build,male
TricepsLateralHead_CloseGripBenchPress_Gym_General_Female_1.mp4,/videos/back-muscles/female/TricepsLateralHead_CloseGripBenchPress_Gym_General_Female_1.mp4,female,True,female,TricepsLateralHead,gym,general,female
TricepsLateralHead_CloseGripBenchPress_Gym_General_Female_2.mp4,/videos/back-muscles/female/TricepsLateralHead_CloseGripBenchPress_Gym_General_Female_2.mp4,female,True,female,TricepsLateralHead,gym,general,female
TricepsLateralHead_CloseGripBenchPress_Gym_General_Male_1.mp4,/videos/back-muscles/male/TricepsLateralHead_CloseGripBenchPress_Gym_General_Male_1.mp4,male,True,male,TricepsLateralHead,gym,general,male
TricepsLateralHead_CloseGripBenchPress_Gym_General_Male_2.mp4,/videos/back-muscles/male/TricepsLateralHead_CloseGripBenchPress_Gym_General_Male_2.mp4,male,True,male,TricepsLateralHead,gym,general,male
TricepsLateralHead_DiamondPushUp_Home_General_Female_1.mp4,/videos/back-muscles/female/TricepsLateralHead_DiamondPushUp_Home_General_Female_1.mp4,female,True,female,TricepsLateralHead,home,general,female
TricepsLateralHead_DiamondPushUp_Home_General_Female_2.mp4,/videos/back-muscles/female/TricepsLateralHead_DiamondPushUp_Home_General_Female_2.mp4,female,True,female,TricepsLateralHead,home,general,female
TricepsLateralHead_DiamondPushUp_Home_General_Male_1.mp4,/videos/back-muscles/male/TricepsLateralHead_DiamondPushUp_Home_General_Male_1.mp4,male,True,male,TricepsLateralHead,home,general,male
TricepsLateralHead_DiamondPushUp_Home_General_Male_2.mp4,/videos/back-muscles/male/TricepsLateralHead_DiamondPushUp_Home_General_Male_2.mp4,male,True,male,TricepsLateralHead,home,general,male
TricepsLateralHead_TricepPushdown_Gym_Build_Female_1.mp4,/videos/back-muscles/female/TricepsLateralHead_TricepPushdown_Gym_Build_Female_1.mp4,female,True,female,TricepsLateralHead,gym,build,female
TricepsLateralHead_TricepPushdown_Gym_Build_Female_2.mp4,/videos/back-muscles/female/TricepsLateralHead_TricepPushdown_Gym_Build_Female_2.mp4,female,True,female,TricepsLateralHead,gym,build,female
TricepsLateralHead_TricepPushdown_Gym_Build_Male_1.mp4,/videos/back-muscles/male/TricepsLateralHead_TricepPushdown_Gym_Build_Male_1.mp4,male,True,male,TricepsLateralHead,gym,build,male
TricepsLateralHead_TricepPushdown_Gym_Build_Male_2.mp4,/videos/back-muscles/male/TricepsLateralHead_TricepPushdown_Gym_Build_Male_2.mp4,male,True,male,TricepsLateralHead,gym,build,male
TricepsLongHead_BodyweightTricepExtension_Home_Build_Female_1.mp4,/videos/back-muscles/female/TricepsLongHead_BodyweightTricepExtension_Home_Build_Female_1.mp4,female,True,female,TricepsLongHead,home,build,female
TricepsLongHead_BodyweightTricepExtension_Home_Build_Female_2.mp4,/videos/back-muscles/female/TricepsLongHead_BodyweightTricepExtension_Home_Build_Female_2.mp4,female,True,female,TricepsLongHead,home,build,female
TricepsLongHead_BodyweightTricepExtension_Home_Build_Male_1.mp4,/videos/back-muscles/male/TricepsLongHead_BodyweightTricepExtension_Home_Build_Male_1.mp4,male,True,male,TricepsLongHead,home,build,male
TricepsLongHead_BodyweightTricepExtension_Home_Build_Male_2.mp4,/videos/back-muscles/male/TricepsLongHead_BodyweightTricepExtension_Home_Build_Male_2.mp4,male,True,male,TricepsLongHead,home,build,male
TricepsLongHead_CableOverheadTricepExtension_Gym_Build_Female_1.mp4,/videos/back-muscles/female/TricepsLongHead_CableOverheadTricepExtension_Gym_Build_Female_1.mp4,female,True,female,TricepsLongHead,gym,build,female
TricepsLongHead_CableOverheadTricepExtension_Gym_Build_Female_2.mp4,/videos/back-muscles/female/TricepsLongHead_CableOverheadTricepExtension_Gym_Build_Female_2.mp4,female,True,female,TricepsLongHead,gym,build,female
TricepsLongHead_CableOverheadTricepExtension_Gym_Build_Male_1.mp4,/videos/back-muscles/male/TricepsLongHead_CableOverheadTricepExtension_Gym_Build_Male_1.mp4,male,True,male,TricepsLongHead,gym,build,male
TricepsLongHead_CableOverheadTricepExtension_Gym_Build_Male_2.mp4,/videos/back-muscles/male/TricepsLongHead_CableOverheadTricepExtension_Gym_Build_Male_2.mp4,male,True,male,TricepsLongHead,gym,build,male
TricepsLongHead_DiamondPushUp_Home_General_Female_1.mp4,/videos/back-muscles/female/TricepsLongHead_DiamondPushUp_Home_General_Female_1.mp4,female,True,female,TricepsLongHead,home,general,female
TricepsLongHead_DiamondPushUp_Home_General_Female_2.mp4,/videos/back-muscles/female/TricepsLongHead_DiamondPushUp_Home_General_Female_2.mp4,female,True,female,TricepsLongHead,home,general,female
TricepsLongHead_DiamondPushUp_Home_General_Male_1.mp4,/videos/back-muscles/male/TricepsLongHead_DiamondPushUp_Home_General_Male_1.mp4,male,True,male,TricepsLongHead,home,general,male
TricepsLongHead_DiamondPushUp_Home_General_Male_2.mp4,/videos/back-muscles/male/TricepsLongHead_DiamondPushUp_Home_General_Male_2.mp4,male,True,male,TricepsLongHead,home,general,male
TricepsLongHead_TricepPushdown_Gym_General_Female_1.mp4,/videos/back-muscles/female/TricepsLongHead_TricepPushdown_Gym_General_Female_1.mp4,female,True,female,TricepsLongHead,gym,general,female
TricepsLongHead_TricepPushdown_Gym_General_Female_2.mp4,/videos/back-muscles/female/TricepsLongHead_TricepPushdown_Gym_General_Female_2.mp4,female,True,female,TricepsLongHead,gym,general,female
TricepsLongHead_TricepPushdown_Gym_General_Male_1.mp4,/videos/back-muscles/male/TricepsLongHead_TricepPushdown_Gym_General_Male_1.mp4,male,True,male,TricepsLongHead,gym,general,male
TricepsLongHead_TricepPushdown_Gym_General_Male_2.mp4,/videos/back-muscles/male/TricepsLongHead_TricepPushdown_Gym_General_Male_2.mp4,male,True,male,TricepsLongHead,gym,general,male
TricepsMedialHead_BodyweightTricepExtension_Home_Build_Female_1.mp4,/videos/back-muscles/female/TricepsMedialHead_BodyweightTricepExtension_Home_Build_Female_1.mp4,female,True,female,TricepsMedialHead,home,build,female
TricepsMedialHead_BodyweightTricepExtension_Home_Build_Female_2.mp4,/videos/back-muscles/female/TricepsMedialHead_BodyweightTricepExtension_Home_Build_Female_2.mp4,female,True,female,TricepsMedialHead,home,build,female
TricepsMedialHead_BodyweightTricepExtension_Home_Build_Male_1.mp4,/videos/back-muscles/male/TricepsMedialHead_BodyweightTricepExtension_Home_Build_Male_1.mp4,male,True,male,TricepsMedialHead,home,build,male
TricepsMedialHead_BodyweightTricepExtension_Home_Build_Male_2.mp4,/videos/back-muscles/male/TricepsMedialHead_BodyweightTricepExtension_Home_Build_Male_2.mp4,male,True,male,TricepsMedialHead,home,build,male
TricepsMedialHead_CloseGripBenchPress_Gym_General_Female_1.mp4,/videos/back-muscles/female/TricepsMedialHead_CloseGripBenchPress_Gym_General_Female_1.mp4,female,True,female,TricepsMedialHead,gym,general,female
TricepsMedialHead_CloseGripBenchPress_Gym_General_Female_2.mp4,/videos/back-muscles/female/TricepsMedialHead_CloseGripBenchPress_Gym_General_Female_2.mp4,female,True,female,TricepsMedialHead,gym,general,female
TricepsMedialHead_CloseGripBenchPress_Gym_General_Male_1.mp4,/videos/back-muscles/male/TricepsMedialHead_CloseGripBenchPress_Gym_General_Male_1.mp4,male,True,male,TricepsMedialHead,gym,general,male
TricepsMedialHead_CloseGripBenchPress_Gym_General_Male_2.mp4,/videos/back-muscles/male/TricepsMedialHead_CloseGripBenchPress_Gym_General_Male_2.mp4,male,True,male,TricepsMedialHead,gym,general,male
TricepsMedialHead_DiamondPushUp_Home_General_Female_1.mp4,/videos/back-muscles/female/TricepsMedialHead_DiamondPushUp_Home_General_Female_1.mp4,female,True,female,TricepsMedialHead,home,general,female
TricepsMedialHead_DiamondPushUp_Home_General_Female_2.mp4,/videos/back-muscles/female/TricepsMedialHead_DiamondPushUp_Home_General_Female_2.mp4,female,True,female,TricepsMedialHead,home,general,female
TricepsMedialHead_DiamondPushUp_Home_General_Male_1.mp4,/videos/back-muscles/male/TricepsMedialHead_DiamondPushUp_Home_General_Male_1.mp4,male,True,male,TricepsMedialHead,home,general,male
TricepsMedialHead_DiamondPushUp_Home_General_Male_2.mp4,/videos/back-muscles/male/TricepsMedialHead_DiamondPushUp_Home_General_Male_2.mp4,male,True,male,TricepsMedialHead,home,general,male
TricepsMedialHead_ReverseGripTricepPushdown_Gym_Build_Female_1.mp4,/videos/back-muscles/female/TricepsMedialHead_ReverseGripTricepPushdown_Gym_Build_Female_1.mp4,female,True,female,TricepsMedialHead,gym,build,female
TricepsMedialHead_ReverseGripTricepPushdown_Gym_Build_Female_2.mp4,/videos/back-muscles/female/TricepsMedialHead_ReverseGripTricepPushdown_Gym_Build_Female_2.mp4,female,True,female,TricepsMedialHead,gym,build,female
TricepsMedialHead_ReverseGripTricepPushdown_Gym_Build_Male_1.mp4,/videos/back-muscles/male/TricepsMedialHead_ReverseGripTricepPushdown_Gym_Build_Male_1.mp4,male,True,male,TricepsMedialHead,gym,build,male
TricepsMedialHead_ReverseGripTricepPushdown_Gym_Build_Male_2.mp4,/videos/back-muscles/male/TricepsMedialHead_ReverseGripTricepPushdown_Gym_Build_Male_2.mp4,male,True,male,TricepsMedialHead,gym,build,male
anterior-deltoid_advanced_female(1).mp4,/videos/back-muscles/female/anterior-deltoid_advanced_female(1).mp4,female,True,female,anterior-deltoid,unknown,build,female
anterior-deltoid_advanced_female(2).mp4,/videos/back-muscles/female/anterior-deltoid_advanced_female(2).mp4,female,True,female,anterior-deltoid,unknown,build,female
anterior-deltoid_advanced_male(1).mp4,/videos/back-muscles/male/anterior-deltoid_advanced_male(1).mp4,male,True,male,anterior-deltoid,unknown,build,male
anterior-deltoid_advanced_male(2).mp4,/videos/back-muscles/male/anterior-deltoid_advanced_male(2).mp4,male,True,male,anterior-deltoid,unknown,build,male
anterior-deltoid_basic_female(1).mp4,/videos/back-muscles/female/anterior-deltoid_basic_female(1).mp4,female,True,female,anterior-deltoid,unknown,build,female
anterior-deltoid_basic_female(2).mp4,/videos/back-muscles/female/anterior-deltoid_basic_female(2).mp4,female,True,female,anterior-deltoid,unknown,build,female
anterior-deltoid_basic_male(1).mp4,/videos/back-muscles/male/anterior-deltoid_basic_male(1).mp4,male,True,male,anterior-deltoid,unknown,build,male
anterior-deltoid_basic_male(2).mp4,/videos/back-muscles/male/anterior-deltoid_basic_male(2).mp4,male,True,male,anterior-deltoid,unknown,build,male
biceps-advanced-female(1).mp4,/videos/back-muscles/female/biceps-advanced-female(1).mp4,female,True,female,biceps,unknown,build,female
biceps-advanced-female(2).mp4,/videos/back-muscles/female/biceps-advanced-female(2).mp4,female,True,female,biceps,unknown,build,female
biceps-advanced-male(1).mp4,/videos/back-muscles/male/biceps-advanced-male(1).mp4,male,True,male,biceps,unknown,build,male
biceps-advanced-male(2).mp4,/videos/back-muscles/male/biceps-advanced-male(2).mp4,male,True,male,biceps,unknown,build,male
biceps-basic-female(1).mp4,/videos/back-muscles/female/biceps-basic-female(1).mp4,female,True,female,biceps,unknown,general,female
biceps-basic-female(2).mp4,/videos/back-muscles/female/biceps-basic-female(2).mp4,female,True,female,biceps,unknown,general,female
biceps-basic-male(1).mp4,/videos/back-muscles/male/biceps-basic-male(1).mp4,male,True,male,biceps,unknown,general,male
biceps-basic-male(2).mp4,/videos/back-muscles/male/biceps-basic-male(2).mp4,male,True,male,biceps,unknown,general,male
calves-advanced-female(1).mp4,/videos/back-muscles/female/calves-advanced-female(1).mp4,female,True,female,calves,unknown,build,female
calves-advanced-female(2).mp4,/videos/back-muscles/female/calves-advanced-female(2).mp4,female,True,female,calves,unknown,build,female
calves-advanced-male(1).mp4,/videos/back-muscles/male/calves-advanced-male(1).mp4,male,True,male,calves,unknown,build,male
calves-advanced-male(2).mp4,/videos/back-muscles/male/calves-advanced-male(2).mp4,male,True,male,calves,unknown,build,male
calves-basic-female(1).mp4,/videos/back-muscles/female/calves-basic-female(1).mp4,female,True,female,calves,unknown,general,female
calves-basic-female(2).mp4,/videos/back-muscles/female/calves-basic-female(2).mp4,female,True,female,calves,unknown,general,female
calves-basic-male(1).mp4,/videos/back-muscles/male/calves-basic-male(1).mp4,male,True,male,calves,unknown,general,male
calves-basic-male(2).mp4,/videos/back-muscles/male/calves-basic-male(2).mp4,male,True,male,calves,unknown,general,male
chest-advanced-female(1).mp4,/videos/back-muscles/female/chest-advanced-female(1).mp4,female,True,female,chest,unknown,build,female
chest-advanced-female(2).mp4,/videos/back-muscles/female/chest-advanced-female(2).mp4,female,True,female,chest,unknown,build,female
chest-advanced-male(1).mp4,/videos/back-muscles/male/chest-advanced-male(1).mp4,male,True,male,chest,unknown,build,male
chest-advanced-male(2).mp4,/videos/back-muscles/male/chest-advanced-male(2).mp4,male,True,male,chest,unknown,build,male
chest-basic-female(1).mp4,/videos/back-muscles/female/chest-basic-female(1).mp4,female,True,female,chest,unknown,general,female
chest-basic-female(2).mp4,/videos/back-muscles/female/chest-basic-female(2).mp4,female,True,female,chest,unknown,general,female
chest-basic-male(1).mp4,/videos/back-muscles/male/chest-basic-male(1).mp4,male,True,male,chest,unknown,general,male
chest-basic-male(2).mp4,/videos/back-muscles/male/chest-basic-male(2).mp4,male,True,male,chest,unknown,general,male
feet_advanced_female(1).mp4,/videos/back-muscles/female/feet_advanced_female(1).mp4,female,True,female,feet,unknown,build,female
feet_advanced_female(2).mp4,/videos/back-muscles/female/feet_advanced_female(2).mp4,female,True,female,feet,unknown,build,female
feet_advanced_male(1).mp4,/videos/back-muscles/male/feet_advanced_male(1).mp4,male,True,male,feet,unknown,build,male
feet_advanced_male(2).mp4,/videos/back-muscles/male/feet_advanced_male(2).mp4,male,True,male,feet,unknown,build,male
feet_basic_female(1).mp4,/videos/back-muscles/female/feet_basic_female(1).mp4,female,True,female,feet,unknown,build,female
feet_basic_female(2).mp4,/videos/back-muscles/female/feet_basic_female(2).mp4,female,True,female,feet,unknown,build,female
feet_basic_male(1).mp4,/videos/back-muscles/male/feet_basic_male(1).mp4,male,True,male,feet,unknown,build,male
feet_basic_male(2).mp4,/videos/back-muscles/male/feet_basic_male(2).mp4,male,True,male,feet,unknown,build,male
forearms-advanced-female(1).mp4,/videos/back-muscles/female/forearms-advanced-female(1).mp4,female,True,female,forearms,unknown,build,female
forearms-advanced-female(2).mp4,/videos/back-muscles/female/forearms-advanced-female(2).mp4,female,True,female,forearms,unknown,build,female
forearms-advanced-male(1).mp4,/videos/back-muscles/male/forearms-advanced-male(1).mp4,male,True,male,forearms,unknown,build,male
forearms-advanced-male(2).mp4,/videos/back-muscles/male/forearms-advanced-male(2).mp4,male,True,male,forearms,unknown,build,male
forearms-basic-female(1).mp4,/videos/back-muscles/female/forearms-basic-female(1).mp4,female,True,female,forearms,unknown,general,female
forearms-basic-female(2).mp4,/videos/back-muscles/female/forearms-basic-female(2).mp4,female,True,female,forearms,unknown,general,female
forearms-basic-male(1).mp4,/videos/back-muscles/male/forearms-basic-male(1).mp4,male,True,male,forearms,unknown,general,male
forearms-basic-male(2).mp4,/videos/back-muscles/male/forearms-basic-male(2).mp4,male,True,male,forearms,unknown,general,male
front-shoulders-advanced-female(1).mp4,/videos/back-muscles/female/front-shoulders-advanced-female(1).mp4,female,True,female,front-shoulders,unknown,build,female
front-shoulders-advanced-female(2).mp4,/videos/back-muscles/female/front-shoulders-advanced-female(2).mp4,female,True,female,front-shoulders,unknown,build,female
front-shoulders-advanced-male(1).mp4,/videos/back-muscles/male/front-shoulders-advanced-male(1).mp4,male,True,male,front-shoulders,unknown,build,male
front-shoulders-advanced-male(2).mp4,/videos/back-muscles/male/front-shoulders-advanced-male(2).mp4,male,True,male,front-shoulders,unknown,build,male
front-shoulders-basic-female(1).mp4,/videos/back-muscles/female/front-shoulders-basic-female(1).mp4,female,True,female,front-shoulders,unknown,general,female
front-shoulders-basic-female(2).mp4,/videos/back-muscles/female/front-shoulders-basic-female(2).mp4,female,True,female,front-shoulders,unknown,general,female
front-shoulders-basic-male(1).mp4,/videos/back-muscles/male/front-shoulders-basic-male(1).mp4,male,True,male,front-shoulders,unknown,general,male
front-shoulders-basic-male(2).mp4,/videos/back-muscles/male/front-shoulders-basic-male(2).mp4,male,True,male,front-shoulders,unknown,general,male
gastrocnemius_advanced_female(1).mp4,/videos/back-muscles/female/gastrocnemius_advanced_female(1).mp4,female,True,female,gastrocnemius,unknown,build,female
gastrocnemius_advanced_female(2).mp4,/videos/back-muscles/female/gastrocnemius_advanced_female(2).mp4,female,True,female,gastrocnemius,unknown,build,female
gastrocnemius_advanced_male(1).mp4,/videos/back-muscles/male/gastrocnemius_advanced_male(1).mp4,male,True,male,gastrocnemius,unknown,build,male
gastrocnemius_advanced_male(2).mp4,/videos/back-muscles/male/gastrocnemius_advanced_male(2).mp4,male,True,male,gastrocnemius,unknown,build,male
gastrocnemius_basic_female(1).mp4,/videos/back-muscles/female/gastrocnemius_basic_female(1).mp4,female,True,female,gastrocnemius,unknown,build,female
gastrocnemius_basic_female(2).mp4,/videos/back-muscles/female/gastrocnemius_basic_female(2).mp4,female,True,female,gastrocnemius,unknown,build,female
gastrocnemius_basic_male(1).mp4,/videos/back-muscles/male/gastrocnemius_basic_male(1).mp4,male,True,male,gastrocnemius,unknown,build,male
gastrocnemius_basic_male(2).mp4,/videos/back-muscles/male/gastrocnemius_basic_male(2).mp4,male,True,male,gastrocnemius,unknown,build,male
groin-advanced-female(1).mp4,/videos/back-muscles/female/groin-advanced-female(1).mp4,female,True,female,groin,unknown,build,female
groin-advanced-female(2).mp4,/videos/back-muscles/female/groin-advanced-female(2).mp4,female,True,female,groin,unknown,build,female
groin-advanced-male(1).mp4,/videos/back-muscles/male/groin-advanced-male(1).mp4,male,True,male,groin,unknown,build,male
groin-advanced-male(2).mp4,/videos/back-muscles/male/groin-advanced-male(2).mp4,male,True,male,groin,unknown,build,male
groin-basic-female(1).mp4,/videos/back-muscles/female/groin-basic-female(1).mp4,female,True,female,groin,unknown,general,female
groin-basic-female(2).mp4,/videos/back-muscles/female/groin-basic-female(2).mp4,female,True,female,groin,unknown,general,female
groin-basic-male(1).mp4,/videos/back-muscles/male/groin-basic-male(1).mp4,male,True,male,groin,unknown,general,male
groin-basic-male(2).mp4,/videos/back-muscles/male/groin-basic-male(2).mp4,male,True,male,groin,unknown,general,male
hands-advanced-female(1).mp4,/videos/back-muscles/female/hands-advanced-female(1).mp4,female,True,female,hands,unknown,build,female
hands-advanced-female(2).mp4,/videos/back-muscles/female/hands-advanced-female(2).mp4,female,True,female,hands,unknown,build,female
hands-advanced-male(1).mp4,/videos/back-muscles/male/hands-advanced-male(1).mp4,male,True,male,hands,unknown,build,male
hands-advanced-male(2).mp4,/videos/back-muscles/male/hands-advanced-male(2).mp4,male,True,male,hands,unknown,build,male
hands-basic-female(1).mp4,/videos/back-muscles/female/hands-basic-female(1).mp4,female,True,female,hands,unknown,general,female
hands-basic-female(2).mp4,/videos/back-muscles/female/hands-basic-female(2).mp4,female,True,female,hands,unknown,general,female
hands-basic-male(1).mp4,/videos/back-muscles/male/hands-basic-male(1).mp4,male,True,male,hands,unknown,general,male
hands-basic-male(2).mp4,/videos/back-muscles/male/hands-basic-male(2).mp4,male,True,male,hands,unknown,general,male
inner-thigh_advanced_female(1).mp4,/videos/back-muscles/female/inner-thigh_advanced_female(1).mp4,female,True,female,inner-thigh,unknown,build,female
inner-thigh_advanced_female(2).mp4,/videos/back-muscles/female/inner-thigh_advanced_female(2).mp4,female,True,female,inner-thigh,unknown,build,female
inner-thigh_advanced_male(1).mp4,/videos/back-muscles/male/inner-thigh_advanced_male(1).mp4,male,True,male,inner-thigh,unknown,build,male
inner-thigh_advanced_male(2).mp4,/videos/back-muscles/male/inner-thigh_advanced_male(2).mp4,male,True,male,inner-thigh,unknown,build,male
inner-thigh_basic_female(1).mp4,/videos/back-muscles/female/inner-thigh_basic_female(1).mp4,female,True,female,inner-thigh,unknown,build,female
inner-thigh_basic_female(2).mp4,/videos/back-muscles/female/inner-thigh_basic_female(2).mp4,female,True,female,inner-thigh,unknown,build,female
inner-thigh_basic_male(1).mp4,/videos/back-muscles/male/inner-thigh_basic_male(1).mp4,male,True,male,inner-thigh,unknown,build,male
inner-thigh_basic_male(2).mp4,/videos/back-muscles/male/inner-thigh_basic_male(2).mp4,male,True,male,inner-thigh,unknown,build,male
lateral-deltoid_advanced_female(1).mp4,/videos/back-muscles/female/lateral-deltoid_advanced_female(1).mp4,female,True,female,lateral-deltoid,unknown,build,female
lateral-deltoid_advanced_female(2).mp4,/videos/back-muscles/female/lateral-deltoid_advanced_female(2).mp4,female,True,female,lateral-deltoid,unknown,build,female
lateral-deltoid_advanced_male(1).mp4,/videos/back-muscles/male/lateral-deltoid_advanced_male(1).mp4,male,True,male,lateral-deltoid,unknown,build,male
lateral-deltoid_advanced_male(2).mp4,/videos/back-muscles/male/lateral-deltoid_advanced_male(2).mp4,male,True,male,lateral-deltoid,unknown,build,male
lateral-deltoid_asvanced_female(1).mp4,/videos/back-muscles/female/lateral-deltoid_asvanced_female(1).mp4,female,True,female,lateral-deltoid,unknown,build,female
lateral-deltoid_asvanced_female(2).mp4,/videos/back-muscles/female/lateral-deltoid_asvanced_female(2).mp4,female,True,female,lateral-deltoid,unknown,build,female
lateral-deltoid_asvanced_male(1).mp4,/videos/back-muscles/male/lateral-deltoid_asvanced_male(1).mp4,male,True,male,lateral-deltoid,unknown,build,male
lateral-deltoid_asvanced_male(2).mp4,/videos/back-muscles/male/lateral-deltoid_asvanced_male(2).mp4,male,True,male,lateral-deltoid,unknown,build,male
lateral-deltoid_basic_female(1).mp4,/videos/back-muscles/female/lateral-deltoid_basic_female(1).mp4,female,True,female,lateral-deltoid,unknown,build,female
lateral-deltoid_basic_female(2).mp4,/videos/back-muscles/female/lateral-deltoid_basic_female(2).mp4,female,True,female,lateral-deltoid,unknown,build,female
lateral-deltoid_basic_male(1).mp4,/videos/back-muscles/male/lateral-deltoid_basic_male(1).mp4,male,True,male,lateral-deltoid,unknown,build,male
lateral-deltoid_basic_male(2).mp4,/videos/back-muscles/male/lateral-deltoid_basic_male(2).mp4,male,True,male,lateral-deltoid,unknown,build,male
long-head-bicep_advanced_female(1).mp4,/videos/back-muscles/female/long-head-bicep_advanced_female(1).mp4,female,True,female,long-head-bicep,unknown,build,female
long-head-bicep_advanced_female(2).mp4,/videos/back-muscles/female/long-head-bicep_advanced_female(2).mp4,female,True,female,long-head-bicep,unknown,build,female
long-head-bicep_advanced_male(1).mp4,/videos/back-muscles/male/long-head-bicep_advanced_male(1).mp4,male,True,male,long-head-bicep,unknown,build,male
long-head-bicep_advanced_male(2).mp4,/videos/back-muscles/male/long-head-bicep_advanced_male(2).mp4,male,True,male,long-head-bicep,unknown,build,male
long-head-bicep_basic_female(1).mp4,/videos/back-muscles/female/long-head-bicep_basic_female(1).mp4,female,True,female,long-head-bicep,unknown,build,female
long-head-bicep_basic_female(2).mp4,/videos/back-muscles/female/long-head-bicep_basic_female(2).mp4,female,True,female,long-head-bicep,unknown,build,female
long-head-bicep_basic_male(1).mp4,/videos/back-muscles/male/long-head-bicep_basic_male(1).mp4,male,True,male,long-head-bicep,unknown,build,male
long-head-bicep_basic_male(2).mp4,/videos/back-muscles/male/long-head-bicep_basic_male(2).mp4,male,True,male,long-head-bicep,unknown,build,male
lower-abdominals-advanced-female(1).mp4,/videos/back-muscles/female/lower-abdominals-advanced-female(1).mp4,female,True,female,lower-abdominals,unknown,build,female
lower-abdominals-advanced-female(2).mp4,/videos/back-muscles/female/lower-abdominals-advanced-female(2).mp4,female,True,female,lower-abdominals,unknown,build,female
lower-abdominals-advanced-male(1).mp4,/videos/back-muscles/male/lower-abdominals-advanced-male(1).mp4,male,True,male,lower-abdominals,unknown,build,male
lower-abdominals-advanced-male(2).mp4,/videos/back-muscles/male/lower-abdominals-advanced-male(2).mp4,male,True,male,lower-abdominals,unknown,build,male
lower-abdominals-basic-female(1).mp4,/videos/back-muscles/female/lower-abdominals-basic-female(1).mp4,female,True,female,lower-abdominals,unknown,general,female
lower-abdominals-basic-female(2).mp4,/videos/back-muscles/female/lower-abdominals-basic-female(2).mp4,female,True,female,lower-abdominals,unknown,general,female
lower-abdominals-basic-male(1).mp4,/videos/back-muscles/male/lower-abdominals-basic-male(1).mp4,male,True,male,lower-abdominals,unknown,general,male
lower-abdominals-basic-male(2).mp4,/videos/back-muscles/male/lower-abdominals-basic-male(2).mp4,male,True,male,lower-abdominals,unknown,general,male
mid-lower-pectoralis-advanced-female(1).mp4,/videos/back-muscles/female/mid-lower-pectoralis-advanced-female(1).mp4,female,True,female,mid-lower-pectoralis,unknown,build,female
mid-lower-pectoralis-advanced-female(2).mp4,/videos/back-muscles/female/mid-lower-pectoralis-advanced-female(2).mp4,female,True,female,mid-lower-pectoralis,unknown,build,female
mid-lower-pectoralis-advanced-male(1).mp4,/videos/back-muscles/male/mid-lower-pectoralis-advanced-male(1).mp4,male,True,male,mid-lower-pectoralis,unknown,build,male
mid-lower-pectoralis-advanced-male(2).mp4,/videos/back-muscles/male/mid-lower-pectoralis-advanced-male(2).mp4,male,True,male,mid-lower-pectoralis,unknown,build,male
mid-lower-pectoralis-basic-female(1).mp4,/videos/back-muscles/female/mid-lower-pectoralis-basic-female(1).mp4,female,True,female,mid-lower-pectoralis,unknown,general,female
mid-lower-pectoralis-basic-female(2).mp4,/videos/back-muscles/female/mid-lower-pectoralis-basic-female(2).mp4,female,True,female,mid-lower-pectoralis,unknown,general,female
mid-lower-pectoralis-basic-male(1).mp4,/videos/back-muscles/male/mid-lower-pectoralis-basic-male(1).mp4,male,True,male,mid-lower-pectoralis,unknown,general,male
mid-lower-pectoralis-basic-male(2).mp4,/videos/back-muscles/male/mid-lower-pectoralis-basic-male(2).mp4,male,True,male,mid-lower-pectoralis,unknown,general,male
neck_advanced_female(1).mp4,/videos/back-muscles/female/neck_advanced_female(1).mp4,female,True,female,neck,unknown,build,female
neck_advanced_female(2).mp4,/videos/back-muscles/female/neck_advanced_female(2).mp4,female,True,female,neck,unknown,build,female
neck_advanced_male(1).mp4,/videos/back-muscles/male/neck_advanced_male(1).mp4,male,True,male,neck,unknown,build,male
neck_advanced_male(2).mp4,/videos/back-muscles/male/neck_advanced_male(2).mp4,male,True,male,neck,unknown,build,male
neck_basic_female(1).mp4,/videos/back-muscles/female/neck_basic_female(1).mp4,female,True,female,neck,unknown,build,female
neck_basic_female(2).mp4,/videos/back-muscles/female/neck_basic_female(2).mp4,female,True,female,neck,unknown,build,female
neck_basic_male(1).mp4,/videos/back-muscles/male/neck_basic_male(1).mp4,male,True,male,neck,unknown,build,male
neck_basic_male(2).mp4,/videos/back-muscles/male/neck_basic_male(2).mp4,male,True,male,neck,unknown,build,male
obliques-advanced-female(1).mp4,/videos/back-muscles/female/obliques-advanced-female(1).mp4,female,True,female,obliques,unknown,build,female
obliques-advanced-female(2).mp4,/videos/back-muscles/female/obliques-advanced-female(2).mp4,female,True,female,obliques,unknown,build,female
obliques-advanced-male(1).mp4,/videos/back-muscles/male/obliques-advanced-male(1).mp4,male,True,male,obliques,unknown,build,male
obliques-advanced-male(2).mp4,/videos/back-muscles/male/obliques-advanced-male(2).mp4,male,True,male,obliques,unknown,build,male
obliques-basic-female(1).mp4,/videos/back-muscles/female/obliques-basic-female(1).mp4,female,True,female,obliques,unknown,general,female
obliques-basic-female(2).mp4,/videos/back-muscles/female/obliques-basic-female(2).mp4,female,True,female,obliques,unknown,general,female
obliques-basic-male(1).mp4,/videos/back-muscles/male/obliques-basic-male(1).mp4,male,True,male,obliques,unknown,general,male
obliques-basic-male(2).mp4,/videos/back-muscles/male/obliques-basic-male(2).mp4,male,True,male,obliques,unknown,general,male
outer-quadricep_advanced_female(1).mp4,/videos/back-muscles/female/outer-quadricep_advanced_female(1).mp4,female,True,female,outer-quadricep,unknown,build,female
outer-quadricep_advanced_female(2).mp4,/videos/back-muscles/female/outer-quadricep_advanced_female(2).mp4,female,True,female,outer-quadricep,unknown,build,female
outer-quadricep_advanced_male(1).mp4,/videos/back-muscles/male/outer-quadricep_advanced_male(1).mp4,male,True,male,outer-quadricep,unknown,build,male
outer-quadricep_advanced_male(2).mp4,/videos/back-muscles/male/outer-quadricep_advanced_male(2).mp4,male,True,male,outer-quadricep,unknown,build,male
outer-quadricep_basic_female(1).mp4,/videos/back-muscles/female/outer-quadricep_basic_female(1).mp4,female,True,female,outer-quadricep,unknown,build,female
outer-quadricep_basic_female(2).mp4,/videos/back-muscles/female/outer-quadricep_basic_female(2).mp4,female,True,female,outer-quadricep,unknown,build,female
outer-quadricep_basic_male(1).mp4,/videos/back-muscles/male/outer-quadricep_basic_male(1).mp4,male,True,male,outer-quadricep,unknown,build,male
outer-quadricep_basic_male(2).mp4,/videos/back-muscles/male/outer-quadricep_basic_male(2).mp4,male,True,male,outer-quadricep,unknown,build,male
quads-advanced-female(1).mp4,/videos/back-muscles/female/quads-advanced-female(1).mp4,female,True,female,quads,unknown,build,female
quads-advanced-female(2).mp4,/videos/back-muscles/female/quads-advanced-female(2).mp4,female,True,female,quads,unknown,build,female
quads-advanced-male(1).mp4,/videos/back-muscles/male/quads-advanced-male(1).mp4,male,True,male,quads,unknown,build,male
quads-advanced-male(2).mp4,/videos/back-muscles/male/quads-advanced-male(2).mp4,male,True,male,quads,unknown,build,male
quads-basic-female(1).mp4,/videos/back-muscles/female/quads-basic-female(1).mp4,female,True,female,quads,unknown,general,female
quads-basic-female(2).mp4,/videos/back-muscles/female/quads-basic-female(2).mp4,female,True,female,quads,unknown,general,female
quads-basic-male(1).mp4,/videos/back-muscles/male/quads-basic-male(1).mp4,male,True,male,quads,unknown,general,male
quads-basic-male(2).mp4,/videos/back-muscles/male/quads-basic-male(2).mp4,male,True,male,quads,unknown,general,male
rectus-femoris_advanced_female(1).mp4,/videos/back-muscles/female/rectus-femoris_advanced_female(1).mp4,female,True,female,rectus-femoris,unknown,build,female
rectus-femoris_advanced_female(2).mp4,/videos/back-muscles/female/rectus-femoris_advanced_female(2).mp4,female,True,female,rectus-femoris,unknown,build,female
rectus-femoris_advanced_male(1).mp4,/videos/back-muscles/male/rectus-femoris_advanced_male(1).mp4,male,True,male,rectus-femoris,unknown,build,male
rectus-femoris_advanced_male(2).mp4,/videos/back-muscles/male/rectus-femoris_advanced_male(2).mp4,male,True,male,rectus-femoris,unknown,build,male
rectus-femoris_basic_female(1).mp4,/videos/back-muscles/female/rectus-femoris_basic_female(1).mp4,female,True,female,rectus-femoris,unknown,build,female
rectus-femoris_basic_female(2).mp4,/videos/back-muscles/female/rectus-femoris_basic_female(2).mp4,female,True,female,rectus-femoris,unknown,build,female
rectus-femoris_basic_male(1).mp4,/videos/back-muscles/male/rectus-femoris_basic_male(1).mp4,male,True,male,rectus-femoris,unknown,build,male
rectus-femoris_basic_male(2).mp4,/videos/back-muscles/male/rectus-femoris_basic_male(2).mp4,male,True,male,rectus-femoris,unknown,build,male
soleus_advanced_female(1).mp4,/videos/back-muscles/female/soleus_advanced_female(1).mp4,female,True,female,soleus,unknown,build,female
soleus_advanced_female(2).mp4,/videos/back-muscles/female/soleus_advanced_female(2).mp4,female,True,female,soleus,unknown,build,female
soleus_advanced_male(1).mp4,/videos/back-muscles/male/soleus_advanced_male(1).mp4,male,True,male,soleus,unknown,build,male
soleus_advanced_male(2).mp4,/videos/back-muscles/male/soleus_advanced_male(2).mp4,male,True,male,soleus,unknown,build,male
soleus_basic_female(1).mp4,/videos/back-muscles/female/soleus_basic_female(1).mp4,female,True,female,soleus,unknown,build,female
soleus_basic_female(2).mp4,/videos/back-muscles/female/soleus_basic_female(2).mp4,female,True,female,soleus,unknown,build,female
soleus_basic_male(1).mp4,/videos/back-muscles/male/soleus_basic_male(1).mp4,male,True,male,soleus,unknown,build,male
soleus_basic_male(2).mp4,/videos/back-muscles/male/soleus_basic_male(2).mp4,male,True,male,soleus,unknown,build,male
tibialis_advanced_female(1).mp4,/videos/back-muscles/female/tibialis_advanced_female(1).mp4,female,True,female,tibialis,unknown,build,female
tibialis_advanced_female(2).mp4,/videos/back-muscles/female/tibialis_advanced_female(2).mp4,female,True,female,tibialis,unknown,build,female
tibialis_advanced_male(1).mp4,/videos/back-muscles/male/tibialis_advanced_male(1).mp4,male,True,male,tibialis,unknown,build,male
tibialis_advanced_male(2).mp4,/videos/back-muscles/male/tibialis_advanced_male(2).mp4,male,True,male,tibialis,unknown,build,male
tibialis_basic_female(1).mp4,/videos/back-muscles/female/tibialis_basic_female(1).mp4,female,True,female,tibialis,unknown,build,female
tibialis_basic_female(2).mp4,/videos/back-muscles/female/tibialis_basic_female(2).mp4,female,True,female,tibialis,unknown,build,female
tibialis_basic_male(1).mp4,/videos/back-muscles/male/tibialis_basic_male(1).mp4,male,True,male,tibialis,unknown,build,male
tibialis_basic_male(2).mp4,/videos/back-muscles/male/tibialis_basic_male(2).mp4,male,True,male,tibialis,unknown,build,male
traps-advanced-female(1).mp4,/videos/back-muscles/female/traps-advanced-female(1).mp4,female,True,female,traps,unknown,build,female
traps-advanced-female(2).mp4,/videos/back-muscles/female/traps-advanced-female(2).mp4,female,True,female,traps,unknown,build,female
traps-advanced-male(1).mp4,/videos/back-muscles/male/traps-advanced-male(1).mp4,male,True,male,traps,unknown,build,male
traps-advanced-male(2).mp4,/videos/back-muscles/male/traps-advanced-male(2).mp4,male,True,male,traps,unknown,build,male
traps-basic-female(1).mp4,/videos/back-muscles/female/traps-basic-female(1).mp4,female,True,female,traps,unknown,general,female
traps-basic-female(2).mp4,/videos/back-muscles/female/traps-basic-female(2).mp4,female,True,female,traps,unknown,general,female
traps-basic-male(1).mp4,/videos/back-muscles/male/traps-basic-male(1).mp4,male,True,male,traps,unknown,general,male
traps-basic-male(2).mp4,/videos/back-muscles/male/traps-basic-male(2).mp4,male,True,male,traps,unknown,general,male
upper-abdominals- basic-female(1).mp4,/videos/back-muscles/female/upper-abdominals- basic-female(1).mp4,female,True,female,upper-abdominals- basic,unknown,general,female
upper-abdominals- basic-male(1).mp4,/videos/back-muscles/male/upper-abdominals- basic-male(1).mp4,male,True,male,upper-abdominals- basic,unknown,general,male
upper-abdominals- basic-male(2).mp4,/videos/back-muscles/male/upper-abdominals- basic-male(2).mp4,male,True,male,upper-abdominals- basic,unknown,general,male
upper-abdominals-advance-female(1).mp4,/videos/back-muscles/female/upper-abdominals-advance-female(1).mp4,female,True,female,upper-abdominals,unknown,build,female
upper-abdominals-advance-female(2).mp4,/videos/back-muscles/female/upper-abdominals-advance-female(2).mp4,female,True,female,upper-abdominals,unknown,build,female
upper-abdominals-advance-male(1).mp4,/videos/back-muscles/male/upper-abdominals-advance-male(1).mp4,male,True,male,upper-abdominals,unknown,build,male
upper-abdominals-advance-male(2).mp4,/videos/back-muscles/male/upper-abdominals-advance-male(2).mp4,male,True,male,upper-abdominals,unknown,build,male
upper-abdominals-advanced-female(1).mp4,/videos/back-muscles/female/upper-abdominals-advanced-female(1).mp4,female,True,female,upper-abdominals,unknown,build,female
upper-abdominals-advanced-female(2).mp4,/videos/back-muscles/female/upper-abdominals-advanced-female(2).mp4,female,True,female,upper-abdominals,unknown,build,female
upper-abdominals-advanced-male(1).mp4,/videos/back-muscles/male/upper-abdominals-advanced-male(1).mp4,male,True,male,upper-abdominals,unknown,build,male
upper-abdominals-advanced-male(2).mp4,/videos/back-muscles/male/upper-abdominals-advanced-male(2).mp4,male,True,male,upper-abdominals,unknown,build,male
upper-abdominals-basic-female(1).mp4,/videos/back-muscles/female/upper-abdominals-basic-female(1).mp4,female,True,female,upper-abdominals,unknown,general,female
upper-abdominals-basic-female(2)..mp4,/videos/back-muscles/female/upper-abdominals-basic-female(2)..mp4,female,True,female,upper-abdominals-basic-female(2).,unknown,general,female
upper-abdominals-basic-female(2).mp4,/videos/back-muscles/female/upper-abdominals-basic-female(2).mp4,female,True,female,upper-abdominals,unknown,general,female
upper-abdominals-basic-male(1).mp4,/videos/back-muscles/male/upper-abdominals-basic-male(1).mp4,male,True,male,upper-abdominals,unknown,general,male
upper-abdominals-basic-male(2).mp4,/videos/back-muscles/male/upper-abdominals-basic-male(2).mp4,male,True,male,upper-abdominals,unknown,general,male
upper-abdominals_advance_female(1).mp4,/videos/back-muscles/female/upper-abdominals_advance_female(1).mp4,female,True,female,upper-abdominals,unknown,build,female
upper-abdominals_advance_female(2).mp4,/videos/back-muscles/female/upper-abdominals_advance_female(2).mp4,female,True,female,upper-abdominals,unknown,build,female
upper-abdominals_advance_male(1).mp4,/videos/back-muscles/male/upper-abdominals_advance_male(1).mp4,male,True,male,upper-abdominals,unknown,build,male
upper-abdominals_advance_male(2).mp4,/videos/back-muscles/male/upper-abdominals_advance_male(2).mp4,male,True,male,upper-abdominals,unknown,build,male
upper-abdominals_basic_female(1).mp4,/videos/back-muscles/female/upper-abdominals_basic_female(1).mp4,female,True,female,upper-abdominals,unknown,build,female
upper-abdominals_basic_female(2).mp4,/videos/back-muscles/female/upper-abdominals_basic_female(2).mp4,female,True,female,upper-abdominals,unknown,build,female
upper-abdominals_basic_male(1).mp4,/videos/back-muscles/male/upper-abdominals_basic_male(1).mp4,male,True,male,upper-abdominals,unknown,build,male
upper-abdominals_basic_male(2).mp4,/videos/back-muscles/male/upper-abdominals_basic_male(2).mp4,male,True,male,upper-abdominals,unknown,build,male
upper-pectoralis_advanced_female(1).mp4,/videos/back-muscles/female/upper-pectoralis_advanced_female(1).mp4,female,True,female,upper-pectoralis,unknown,build,female
upper-pectoralis_advanced_female(2).mp4,/videos/back-muscles/female/upper-pectoralis_advanced_female(2).mp4,female,True,female,upper-pectoralis,unknown,build,female
upper-pectoralis_advanced_male(1).mp4,/videos/back-muscles/male/upper-pectoralis_advanced_male(1).mp4,male,True,male,upper-pectoralis,unknown,build,male
upper-pectoralis_advanced_male(2).mp4,/videos/back-muscles/male/upper-pectoralis_advanced_male(2).mp4,male,True,male,upper-pectoralis,unknown,build,male
upper-pectoralis_basic_female(1).mp4,/videos/back-muscles/female/upper-pectoralis_basic_female(1).mp4,female,True,female,upper-pectoralis,unknown,build,female
upper-pectoralis_basic_female(2).mp4,/videos/back-muscles/female/upper-pectoralis_basic_female(2).mp4,female,True,female,upper-pectoralis,unknown,build,female
upper-pectoralis_basic_male(1).mp4,/videos/back-muscles/male/upper-pectoralis_basic_male(1).mp4,male,True,male,upper-pectoralis,unknown,build,male
upper-pectoralis_basic_male(2).mp4,/videos/back-muscles/male/upper-pectoralis_basic_male(2).mp4,male,True,male,upper-pectoralis,unknown,build,male
upper-trapzeius-advanced_female(1).mp4,/videos/back-muscles/female/upper-trapzeius-advanced_female(1).mp4,female,True,female,upper-trapzeius-advanced,unknown,build,female
upper-trapzeius-advanced_female(2).mp4,/videos/back-muscles/female/upper-trapzeius-advanced_female(2).mp4,female,True,female,upper-trapzeius-advanced,unknown,build,female
upper-trapzeius-advanced_male(1).mp4,/videos/back-muscles/male/upper-trapzeius-advanced_male(1).mp4,male,True,male,upper-trapzeius-advanced,unknown,build,male
upper-trapzeius-advanced_male(2).mp4,/videos/back-muscles/male/upper-trapzeius-advanced_male(2).mp4,male,True,male,upper-trapzeius-advanced,unknown,build,male
upper-trapzeius-basic_female(1).mp4,/videos/back-muscles/female/upper-trapzeius-basic_female(1).mp4,female,True,female,upper-trapzeius-basic,unknown,build,female
upper-trapzeius-basic_female(2).mp4,/videos/back-muscles/female/upper-trapzeius-basic_female(2).mp4,female,True,female,upper-trapzeius-basic,unknown,build,female
upper-trapzeius-basic_male(1).mp4,/videos/back-muscles/male/upper-trapzeius-basic_male(1).mp4,male,True,male,upper-trapzeius-basic,unknown,build,male
upper-trapzeius-basic_male(2).mp4,/videos/back-muscles/male/upper-trapzeius-basic_male(2).mp4,male,True,male,upper-trapzeius-basic,unknown,build,male
wrist-flexors-advanced-female(1).mp4,/videos/back-muscles/female/wrist-flexors-advanced-female(1).mp4,female,True,female,wrist-flexors,unknown,build,female
wrist-flexors-advanced-female(2).mp4,/videos/back-muscles/female/wrist-flexors-advanced-female(2).mp4,female,True,female,wrist-flexors,unknown,build,female
wrist-flexors-advanced-male(1).mp4,/videos/back-muscles/male/wrist-flexors-advanced-male(1).mp4,male,True,male,wrist-flexors,unknown,build,male
wrist-flexors-advanced-male(2).mp4,/videos/back-muscles/male/wrist-flexors-advanced-male(2).mp4,male,True,male,wrist-flexors,unknown,build,male
wrist-flexors-basic-female(1).mp4,/videos/back-muscles/female/wrist-flexors-basic-female(1).mp4,female,True,female,wrist-flexors,unknown,general,female
wrist-flexors-basic-female(2).mp4,/videos/back-muscles/female/wrist-flexors-basic-female(2).mp4,female,True,female,wrist-flexors,unknown,general,female
wrist-flexors-basic-male(1).mp4,/videos/back-muscles/male/wrist-flexors-basic-male(1).mp4,male,True,male,wrist-flexors,unknown,general,male
wrist-flexors-basic-male(2).mp4,/videos/back-muscles/male/wrist-flexors-basic-male(2).mp4,male,True,male,wrist-flexors,unknown,general,male
